"chr","start","end","value","area","cluster","indexStart","indexEnd","L","clusterL","p.value","fwer","p.valueArea","fwerArea"
"chr6",291687,293285,0.685867470374673,6.85867470374673,110609,129025,129034,10,11,3.84261818267807e-05,0.0433333333333333,0.000564569286839624,0.48
